etiquette_brute,occurrences,groupe_propose,exemples_ids
resistance_magie_applicable,15,resistance_a_la_magie,action-interdite ame-parasite annihilation-de-mort-vivant cercle-de-teleportation contact-corrosif
effet_mental,11,effet_mental,action-interdite bafouiller bredouillement coup-mental-v hallucination-audiovisuelle
duree_prolongee,8,duree_prolongee,communication-securisee-supreme convocation-d-allies-naturels-viii coupe-de-poussiere creation-de-paysage-mental-supreme eternuement-de-feu
duree_limitee,7,hors_groupe:duree_limitee,coeur-du-metal fatigue hebetement-de-groupe hurlement-primitif marteau-arboricole
enchantement_coercition,7,charme_ou_coercition,action-interdite bafouiller bredouillement heroisme-insipide-supreme insinuation-du-ca-iv
jet_sauvegarde_volonte,7,jet_de_sauvegarde,annihilation-de-mort-vivant blessure-critique-de-groupe convocation-d-ombres-supreme coup-mental-iii coup-mental-v
portee_courte,5,hors_groupe:courte_portee,communication-securisee-supreme coup-mental-iii coup-mental-v mot-de-pouvoir-etourdissant thaumaturgie-associative
attaque_contact,4,attaque_de_contact,caresse-vaseuse contact-corrosif fatigue marteau-arboricole
attaque_contact_distance,4,attaque_de_contact,destruction-de-mort-vivant fleche-de-loi rafale-du-belier rayon-polaire
degats_froid,4,degats_directs,froide-frappe-de-glace glace-maudite rayon-de-givre rayon-polaire
duree_courte,4,hors_groupe:courte_portee,broussaille-distrayante deja-vu hebetement lumieres-dansantes
effet_instantane,4,duree_instantanee,coup-mental-iii destruction-de-mort-vivant guerison-de-destrier purification
effet_temporaire,4,hors_groupe:temporaire,boule-de-goudron briser-les-lignes-ennemies fouet-d-ego-v zone-de-verite
enchantement_mental,4,effet_mental,deja-vu fouet-d-ego-v hebetement hebetement-de-groupe
jet_sauvegarde_vigueur,4,jet_de_sauvegarde,cacophonie coupe-de-poussiere destruction rayon-affaiblissant
zone_de_controle,4,zone_d_effet,croissance-d-epines enchevetrement-repugnant glace-maudite zone-de-flammes-instables
zone_effet_rayon,4,zone_d_effet|rayon_ou_projectile,cacophonie enchevetrement symbole-de-fou-rire symbole-de-terreur
abjuration,3,hors_groupe:abjuration,communication-securisee-supreme resistance resistance-aux-energies-destructives-partage
action_immédiate,3,hors_groupe:action_immediate,thaumaturgie-associative tour-de-volonte-de-fer-iii tour-de-volonte-de-fer-v
action_simple_requise,3,hors_groupe:action_simple,eternuement-de-feu hebetement-de-groupe paix-forcee
cible_unique,3,hors_groupe:unique,coup-mental-iii destruction-de-mort-vivant pilier-de-vie
degats_zone,3,degats_directs|zone_d_effet,boule-de-feu explosion-de-lumiere salut-du-sang
durée_temporaire,3,hors_groupe:temporaire,image-de-foudre infestation-fongique son-imaginaire
dégâts_instantanés,3,degats_directs|duree_instantanee,blessure-critique-de-groupe cacophonie contact-corrosif
illusion_auditive,3,illusion_visuelle_ou_sonore,alteration-d-instrument-de-musique silence-respectueux son-imaginaire
jet_sauvegarde_reflexes,3,jet_de_sauvegarde,boule-de-feu detonation froide-frappe-de-glace
permanence_possible,3,duree_prolongee,cercle-de-teleportation creation-de-paysage-mental-supreme symbole-de-fou-rire
resistance_possible,3,hors_groupe:resistance,fouet-d-ego-v localite-egaree synesthesie-de-groupe
resistance_volonte,3,hors_groupe:resistance_volonte,hallucination-audiovisuelle protection-contre-le-bien-partage silence-respectueux
sauvegarde_volonte,3,jet_de_sauvegarde,hebetement symbole-de-terreur zone-de-verite
abjuration_émanation,2,zone_d_effet,tour-de-volonte-de-fer-iii tour-de-volonte-de-fer-v
affaiblissement_constitution,2,affaiblissement_de_capacite,caresse-vaseuse empoisonnement
affaiblissement_temporaire,2,affaiblissement_de_capacite,coup-mental-v eveiller-les-devores
amelioration_caracteristiques,2,amelioration_de_capacite,atavisme-de-groupe forme-vegetale-iii
amélioration_temporaire,2,amelioration_de_capacite,flammes-du-fidele reflexes-accrus
attaque_a_distance,2,hors_groupe:attaque_distance,boule-de-goudron rayon-de-givre
bonus_attaque_degats,2,degats_directs|bonus_chiffre,epee-impie pierre-magique
bonus_jets_sauvegarde_sorts,2,bonus_chiffre|jet_de_sauvegarde,protection-contre-les-sorts resistance
bonus_manoeuvre_offensive,2,bonus_chiffre,briser-les-lignes-ennemies contrariete-des-geants
composantes_materielles_requises,2,objet_ou_equipement,baton-a-sort rememoration
concentration_requise,2,hors_groupe:concentration,appel-d-un-esprit demarche-decalibree
confusion_ennemi,2,confusion_ou_desorientation,eveiller-les-devores interdiction-du-fou
contact_multiple,2,attaque_de_contact|plusieurs_cibles,protection-contre-le-bien-partage resistance-aux-energies-destructives-partage
controle_a_distance,2,hors_groupe:controle_distance,image-psychique lumieres-dansantes
cécité_temporaire,2,hors_groupe:temporaire,embourbement plaie-au-visage
degats_par_round,2,degats_directs,caresse-vaseuse resonance
dissipation_possible,2,dissipation_ou_contresort,coupe-de-poussiere dissipation-supreme
dommages_morts_vivants,2,degats_directs,malediction-de-l-eau pilier-de-vie
duree_variable,2,hors_groupe:duree_variable,pulsation-synaptique-supreme resonance
dégâts_mentaux,2,degats_directs,coup-mental-iii coup-mental-v
enchantement_arme,2,arme_ou_munition,epee-impie flammes-du-fidele
energie_negative,2,hors_groupe:energie_negative,fatigue malediction-de-l-eau
etourdissement,2,confusion_ou_desorientation,motif-scintillant violent-nuage-d-orage-supreme
illusion_ombre,2,illusion_visuelle_ou_sonore,convocation-d-ombres-supreme traversee-des-ombres
immobilisation_partielle,2,entrave_ou_immobilisation,enchevetrement pierres-acerees
immunite_feu,2,immunite_ou_resistance_element,corps-enflamme manteau-marin
invocation_magique,2,invocation_ou_creation,convocation-d-instrument convocation-d-ombres-supreme
malus_caracteristique,2,malus_chiffre,fouet-d-ego-v rayon-affaiblissant
malédiction_permanente,2,duree_prolongee,tache-noire terre-maudite
marque_magique,2,hors_groupe:magique_marque,signature-magique tache-noire
même_type_requis,2,hors_groupe:meme_type,convocation-d-allies-naturels-iv convocation-d-allies-naturels-viii
necromancien,2,hors_groupe:necromancien,rayon-affaiblissant symbole-de-terreur
pas_attaque_opportunite,2,hors_groupe:attaque_opportunite_pas,avancee-offensive contrariete-des-geants
piège_magique,2,hors_groupe:magique_piege,croissance-d-epines pierres-acerees
portee_limitee,2,hors_groupe:limitee_portee,lumieres-dansantes son-imaginaire
protection_contre_la_divination,2,protection_defensive|divination_information|alignement_ou_divin,detection-de-la-scrutation dissimuler-la-magie
protection_temporaire,2,protection_defensive,armure-instantanee resistance
ralentissement_mouvement,2,entrave_ou_immobilisation|deplacement_ou_teleportation,contact-defigurant pierres-acerees
renversement_possible,2,hors_groupe:renversement,eternuement-de-feu vents-de-la-vengeance
reproduction_sort,2,hors_groupe:reproduction,miracle souhait
resistance_aux_degats,2,degats_directs,main-interposee resistance-aux-energies-destructives-partage
sort_inoffensif,2,metamagie_ou_sort_cible,guerison-de-destrier protection-contre-le-bien-partage
sort_necromancie,2,metamagie_ou_sort_cible,destruction empoisonnement
terrain_difficile,2,terrain_ou_environnement,enchevetrement tempete-de-cendres
test_niveau_lanceur,2,hors_groupe:lanceur_niveau_test,hurlement-primitif vision-mystique
vision_nocturne,2,divination_information|perception_amelioree,corps-elementaire-iv sens-surdeveloppes
zone_effet,2,zone_d_effet,motif-scintillant pierres-acerees
zone_large_affectee,2,zone_d_effet,localite-egaree terre-maudite
abjuration_chaos,1,alignement_ou_divin,protection-contre-la-loi
abjuration_defensive,1,protection_defensive,protection-contre-les-sorts
abjuration_mal,1,alignement_ou_divin,protection-contre-le-bien-partage
abjuration_mental,1,effet_mental,interdiction-du-fou
abri_contre_adversaire,1,protection_defensive,main-interposee
abri_contre_attaques,1,protection_defensive,mur-de-saumure
absorption_pouvoir_ennemi,1,hors_groupe:absorption_ennemi_pouvoir,coeur-de-l-ennemi
acces_instrument_portable,1,hors_groupe:acce_instrument_portable,convocation-d-instrument
acces_porte_mentale,1,effet_mental,creation-de-paysage-mental-supreme
accumulation_energie_elementaire,1,hors_groupe:accumulation_elementaire_energie,detonation
accès_pouvoir_mythique,1,hors_groupe:acce_mythique_pouvoir,ascension
acide_reactif,1,hors_groupe:acide_reactif,sang-caustique
action_concertee,1,hors_groupe:action_concertee,assaut-concerte
action_de_mouvement,1,deplacement_ou_teleportation,insectes-espions-supreme
action_immédiate_activation,1,hors_groupe:action_immediate,salut-du-sang
action_libre_changement,1,hors_groupe:action_changement_libre,changement-de-forme
action_rapide,1,hors_groupe:action_rapide,froide-frappe-de-glace
action_requise_pour_se_nettoyer,1,hors_groupe:action_nettoyer_se,embourbement
activation_magique_perturbee,1,hors_groupe:activation_magique_perturbee,bafouiller
activation_mot_commande,1,hors_groupe:activation_commande_mot,page-secrete
adaptation_morts_vivants,1,hors_groupe:adaptation_mort_vivant,purification
adaptation_terrain,1,terrain_ou_environnement,sages-murmures
adhesion_armes,1,arme_ou_munition,sang-adhesif
affaiblissement_charisme,1,affaiblissement_de_capacite,infestation-fongique
affaiblissement_dexterite,1,affaiblissement_de_capacite,dard-vengeur
affaiblissement_mental,1,effet_mental|affaiblissement_de_capacite,brume-mentale
affaiblissement_sagesse_charisme,1,affaiblissement_de_capacite,manteau-de-doutes
affecte_bâtiments_uniquement,1,hors_groupe:affecte_batiment_uniquement,resonance
affecte_groupe,1,plusieurs_cibles,hebetement-de-groupe
affecte_plusieurs_animaux,1,plusieurs_cibles,atavisme-de-groupe
affecte_équipement,1,objet_ou_equipement,metal-gele
aide_orientation,1,hors_groupe:aide_orientation,reperage
alteration_environnement_visuel,1,terrain_ou_environnement,cicatrice-magique
alteration_temporaire,1,hors_groupe:alteration_temporaire,alteration-d-instrument-de-musique
alteration_vents_naturels,1,hors_groupe:alteration_naturel_vent,modification-des-vents
amelioration_consommables,1,amelioration_de_capacite,amplification-d-elixir
amelioration_defense_magique,1,protection_defensive|amelioration_de_capacite,protection-contre-les-sorts
amelioration_interaction_sociale,1,amelioration_de_capacite,examen-approfondi
amelioration_magie_alliee,1,amelioration_de_capacite,thaumaturgie-associative
amelioration_nourriture,1,amelioration_de_capacite,ascese
amelioration_par_sacrifice_type,1,amelioration_de_capacite,armure-instantanee
amelioration_perception,1,amelioration_de_capacite|perception_amelioree,sens-surdeveloppes
amelioration_presence,1,amelioration_de_capacite,splendeur-de-l-aigle
amelioration_sensorielle,1,amelioration_de_capacite,sens-surdeveloppes
amnesia_temporaire_coercition,1,charme_ou_coercition,messager-verrouille
amplification_potions,1,amelioration_de_capacite,amplification-d-elixir
amplification_progressive,1,amelioration_de_capacite,insinuation-du-ca-iv
analyse_auras_persistantes,1,hors_groupe:analyse_aura_persistante,detection-de-la-magie-supreme
analyse_creature,1,hors_groupe:analyse_creature,examen-approfondi
ancrage_terrestre,1,hors_groupe:ancrage_terrestre,racine
animation_arbre,1,hors_groupe:animation_arbre,marteau-arboricole
animation_cadavre,1,hors_groupe:animation_arbre,creation-de-mort-vivant
animation_objet_controlée,1,objet_ou_equipement,possession-d-objet
animation_temporaire,1,hors_groupe:alteration_temporaire,sentinelle-de-sang
annulation_effet_negatif,1,hors_groupe:annulation_negatif,miracle
annulation_effets_magiques,1,hors_groupe:annulation_chaleur,disjonction
annulation_enchantement,1,hors_groupe:annulation_chaleur,purification
annulation_lien_vital,1,hors_groupe:annulation_lien_vital,vie-scellee
annulation_par_chaleur,1,hors_groupe:annulation_chaleur,metal-gele
annulation_par_immersion,1,hors_groupe:annulation_immersion,embourbement
annulation_temporaire_objets_magiques,1,objet_ou_equipement,dissipation-supreme
annule_malus_niveaux_negatifs,1,malus_chiffre,protection-contre-la-mort
apparence_illusoire,1,hors_groupe:apparence_illusoire,aspect-de-fee-hantee
apparence_mensonge,1,hors_groupe:apparence_mensonge,placage-trompeur
appel_esprit_defunt,1,effet_mental,appel-d-un-esprit
application_poison_contact,1,attaque_de_contact,empoisonnement
aptitudes_vegetales,1,hors_groupe:aptitude_vegetale,forme-vegetale-iii
arme_a_distance,1,arme_ou_munition,pierre-magique
arme_contre_bien,1,arme_ou_munition|alignement_ou_divin,malediction-de-l-eau
arme_enchantee,1,arme_ou_munition,chaine-cloutee-des-ombres
arme_impie,1,arme_ou_munition,epee-impie
arme_maniée_uniquement,1,arme_ou_munition,flammes-du-fidele
arme_temporaire,1,arme_ou_munition,chaine-cloutee-des-ombres
armure_naturelle,1,protection_defensive,corps-elementaire-iv
arret_du_vieillissement,1,hors_groupe:arret_vieillissement,animation-suspendue
arrivee_garantie_destination,1,hors_groupe:arrivee_destination_garantie,teleportation-supreme
arrivee_zone_securisee,1,zone_d_effet,teleportation-interplanetaire
arrêt_hémorragie_guérison,1,soin_ou_guerison,plaie-au-visage
artefacts_vulnerables,1,hors_groupe:artefact_vulnerable,disjonction
assistance_momentanee,1,hors_groupe:assistance_momentanee,assistance-divine
attaque_aerienne,1,hors_groupe:aerienne_attaque,vol-superieur
attaque_au_combat,1,hors_groupe:attaque_combat,avancee-offensive
attaque_multiple_simultanee,1,plusieurs_cibles,eruption-de-fleches
attaque_naturelle_griffe,1,hors_groupe:attaque_griffe_naturelle,fouet-de-l-astradaemon
attaque_opportunite_automatique,1,hors_groupe:attaque_automatique_opportunite,dard-vengeur
attaque_opportunite_declenchee,1,hors_groupe:attaque_declenchee_opportunite,paix-forcee
attaque_pseudopode_aqueux,1,hors_groupe:aqueux_attaque_pseudopode,manteau-marin
augmentation_charisme,1,amelioration_de_capacite,splendeur-de-l-aigle
augmentation_charisme_dependants,1,amelioration_de_capacite,splendeur-de-l-aigle
augmentation_dd_sorts,1,amelioration_de_capacite,splendeur-de-l-aigle
augmentation_degats_mains_nues,1,degats_directs|amelioration_de_capacite,corps-enflamme
augmentation_degats_morts_vivants,1,degats_directs|amelioration_de_capacite,pierre-magique
augmentation_distance_vision,1,amelioration_de_capacite|perception_amelioree,sens-surdeveloppes
augmentation_effets_numeriques,1,amelioration_de_capacite,amplification-d-elixir
augmentation_force_constitution,1,amelioration_de_capacite,forme-vegetale-iii
augmentation_points_vie,1,amelioration_de_capacite,atavisme-de-groupe
augmentation_potentiel_ombres,1,amelioration_de_capacite|illusion_visuelle_ou_sonore,convocation-d-ombres-supreme
augmentation_reduction_intensite,1,amelioration_de_capacite,modification-des-vents
augmentation_taille_vermine,1,amelioration_de_capacite,vermine-geante
augmentation_vitesse_charge,1,amelioration_de_capacite,briser-les-lignes-ennemies
augmente_nls_resistance_magie,1,resistance_a_la_magie,incantation-assuree
augmenter_penetration_armure,1,protection_defensive,coeur-du-metal
aura_de_panique,1,hors_groupe:aura_panique,symbole-de-terreur
aura_defensive,1,protection_defensive,aura-d-avidite
avantage_negociation_intimidation,1,hors_groupe:avantage_intimidation_negociation,examen-approfondi
avertissement_telepathique,1,communication_ou_langage,premonition
aveuglement_ennemis,1,hors_groupe:aveuglement_ennemi,corps-enflamme
aveuglement_temporaire,1,hors_groupe:aveuglement_ennemi,explosion-de-lumiere
barreaux_de_force,1,hors_groupe:barreaux_force,cage-de-force
barriere_multicolore,1,hors_groupe:barriere_multicolore,mur-prismatique
basee_sur_caracteristique_lancement,1,hors_groupe:basee_caracteristique_lancement,sabot-du-tonnerre
basee_sur_niveau_lanceur,1,hors_groupe:basee_lanceur_niveau,sabot-du-tonnerre
benefices_partages,1,hors_groupe:benefice_partage,aura-d-avidite
blessure_persistante,1,degats_directs,pierres-acerees
blocage_attaques_distance,1,hors_groupe:attaque_distance,mur-prismatique
blocage_gaz_et_liquides,1,hors_groupe:blocage_gaz_liquide,mur-de-saumure
blocage_lumiere_bruit_sorts,1,hors_groupe:blocage_bruit_lumiere,porte-de-phase
blocage_partage_vitalite,1,hors_groupe:blocage_partage_vitalite,vie-scellee
blocage_scrutation,1,hors_groupe:blocage_scrutation,esprit-impenetrable
blocage_vision_nocturne,1,divination_information|perception_amelioree,tempete-de-cendres
bonus_acrobaties,1,bonus_chiffre,racine
bonus_allie,1,bonus_chiffre,rendre-un-jugement-superieur
bonus_alteration,1,bonus_chiffre,splendeur-de-l-aigle
bonus_armure_naturelle,1,bonus_chiffre|protection_defensive,forme-vegetale-iii
bonus_armure_variable,1,bonus_chiffre|protection_defensive,armure-instantanee
bonus_attaque_temporaire,1,bonus_chiffre,appel-d-arme
bonus_ca_abri,1,bonus_chiffre|protection_defensive,manteau-marin
bonus_ca_et_reflexes,1,bonus_chiffre,premonition
bonus_ca_et_sauvegardes,1,bonus_chiffre|jet_de_sauvegarde,assaut-concerte
bonus_ca_plus_quatre,1,bonus_chiffre,main-interposee
bonus_caracteristiques,1,bonus_chiffre,souhait
bonus_caractéristiques_taille,1,bonus_chiffre,corps-elementaire-iv
bonus_competence_perception,1,bonus_chiffre|perception_amelioree,sens-surdeveloppes
bonus_competence_vol,1,bonus_chiffre|deplacement_ou_teleportation,vol-superieur
bonus_connaissances,1,bonus_chiffre|divination_information,sages-murmures
bonus_defense,1,bonus_chiffre|protection_defensive,atavisme-de-groupe
bonus_degats_temporaire,1,degats_directs|bonus_chiffre,appel-d-arme
bonus_dexterite,1,bonus_chiffre,corps-enflamme
bonus_diplomatie,1,bonus_chiffre,tranquillite-euphorique
bonus_discretion,1,bonus_chiffre,silence-respectueux
bonus_divin_progressif,1,bonus_chiffre|alignement_ou_divin,assaut-concerte
bonus_equilibre,1,bonus_chiffre,racine
bonus_force_malfaisance,1,bonus_chiffre,coeur-de-l-ennemi
bonus_intelligence_charisme,1,bonus_chiffre,avancee-offensive
bonus_intuition_situationnel,1,bonus_chiffre,sages-murmures
bonus_jet_attaque,1,bonus_chiffre,assistance-divine
bonus_jet_sauvegarde,1,bonus_chiffre|jet_de_sauvegarde,assistance-divine
bonus_jets_attaque,1,bonus_chiffre,atavisme-de-groupe
bonus_lanceur_sort,1,bonus_chiffre,cicatrice-magique
bonus_magiques_conserves,1,bonus_chiffre,eruption-de-fleches
bonus_negociation_creature,1,bonus_chiffre,sacrifice
bonus_parade_contre_loyaux,1,bonus_chiffre,protection-contre-la-loi
bonus_penetration_magique,1,bonus_chiffre,incantation-assuree
bonus_perception_psychologie,1,bonus_chiffre|perception_amelioree,examen-approfondi
bonus_reflexes,1,bonus_chiffre,reflexes-accrus
bonus_resistance_invocation,1,bonus_chiffre|invocation_ou_creation,sacrifice
bonus_sainteté_attaque,1,bonus_chiffre,dard-vengeur
bonus_sauvegarde,1,bonus_chiffre|jet_de_sauvegarde,manteau-de-colere
bonus_sauvegarde_adversaires,1,bonus_chiffre|jet_de_sauvegarde,manteau-de-calme
bonus_sauvegarde_feu,1,bonus_chiffre|jet_de_sauvegarde,zone-de-flammes-instables
bonus_sauvegarde_mental,1,bonus_chiffre|jet_de_sauvegarde|effet_mental,esprit-impenetrable
bonus_sauvegarde_mort,1,bonus_chiffre|jet_de_sauvegarde,protection-contre-la-mort
bonus_sort_inferieur_niveau,1,bonus_chiffre|terrain_ou_environnement|metamagie_ou_sort_cible,thaumaturgie-associative
bonus_temporaire_inversible,1,bonus_chiffre,heroisme-insipide-supreme
bonus_test_competence,1,bonus_chiffre,assistance-divine
boucle_temporelle_mentale,1,effet_mental,deja-vu
bousculade_creature,1,hors_groupe:bousculade_creature,rafale-du-belier
bousculade_renversement,1,hors_groupe:bousculade_renversement,briser-les-lignes-ennemies
brouillard_stationnaire,1,hors_groupe:brouillard_stationnaire,brume-mentale
brûlure_prolongée,1,hors_groupe:brulure_prolongee,sang-caustique
buff_unique,1,hors_groupe:buff_unique,assistance-divine
camouflage_cible,1,invisibilite_ou_dissimulation,plaie-au-visage
camouflage_enchantement,1,invisibilite_ou_dissimulation,dissimuler-la-magie
canalisation_mal,1,alignement_ou_divin,epee-impie
capacite_50kg_par_niveau,1,terrain_ou_environnement,disque-flottant
capacités_élémentaires_spécifiques,1,hors_groupe:capacite_elementaire_specifique,corps-elementaire-iv
carte_nautique_requise,1,hors_groupe:carte_nautique,pistage-d-un-navire
cecite_ennemis,1,hors_groupe:cecite_ennemi,mur-prismatique
cercle_protection_bien,1,protection_defensive|alignement_ou_divin,epee-impie
chancel_ou_confusion,1,confusion_ou_desorientation,interdiction-du-fou
changement_timbre,1,hors_groupe:action_changement_libre,alteration-d-instrument-de-musique
chaîne_cloutée_magique,1,hors_groupe:chaine_cloutee_magique,chaine-cloutee-des-ombres
choix_avant_jet,1,hors_groupe:avant_choix_jet,assistance-divine
choix_effet_confusion,1,confusion_ou_desorientation,insinuation-du-ca-iv
choix_effet_unique,1,hors_groupe:choix_unique,terre-maudite
choix_quantité_puissance,1,hors_groupe:choix_puissance_quantite,convocation-d-allies-naturels-iv
choix_voie_mythique,1,hors_groupe:choix_mythique_voie,ascension
chute_progressive_fin_sort,1,hors_groupe:chute_fin_progressive,vol-superieur
cible_distraite,1,hors_groupe:distraite,broussaille-distrayante
cible_faible_dv,1,hors_groupe:dv_faible,hebetement
coercition_emotionnelle,1,charme_ou_coercition,manteau-de-calme
coercition_mentale,1,effet_mental|charme_ou_coercition,mot-de-pouvoir-mortel
coercition_volonte,1,charme_ou_coercition,fouet-d-ego-v
coincement_dans_objet,1,objet_ou_equipement,grappin-opportun
combat_rapproche,1,hors_groupe:combat_rapproche,appel-d-arme
combat_temporaire,1,hors_groupe:temporaire,convocation-d-allies-naturels-iv
combat_vermine_alliee,1,hors_groupe:alliee_combat_vermine,vermine-geante
communication_avec_pierres,1,communication_ou_langage,pierres-commeres
communication_forcee_destinataire,1,communication_ou_langage,messager-verrouille
communication_outre_tombe,1,communication_ou_langage,appel-d-un-esprit
communication_protegee,1,communication_ou_langage,communication-securisee-supreme
communication_securisee_groupe,1,communication_ou_langage|plusieurs_cibles,communication-securisee-supreme
composante_materielle_chere,1,objet_ou_equipement,annihilation-de-mort-vivant
composante_materielle_variable,1,objet_ou_equipement,coeur-du-metal
comprendre_defenses_ennemies,1,protection_defensive,incantation-assuree
concentration_maintenue,1,hors_groupe:concentration,coeur-de-l-ennemi
conditions_acces_personnalisables,1,hors_groupe:acce_condition_personnalisable,porte-de-phase
conduit_connaissances,1,divination_information,rendre-un-jugement-superieur
confinement_spatial,1,hors_groupe:confinement_spatial,cage-de-force
confusion,1,confusion_ou_desorientation,motif-scintillant
confusion_mental,1,effet_mental|confusion_ou_desorientation,insinuation-du-ca-iv
confusion_mentale,1,effet_mental|confusion_ou_desorientation,tranquillite-euphorique
confusion_sensorielle,1,confusion_ou_desorientation,synesthesie-de-groupe
confusion_si_impossible,1,confusion_ou_desorientation,deja-vu
confusion_temporaire_allie_ennemi,1,confusion_ou_desorientation,allie-involontaire
consequence_perte_magie,1,hors_groupe:consequence_magie_perte,disjonction
consommable_maudit,1,hors_groupe:consommable_maudit,malediction-de-l-eau
consomption_du_corps,1,hors_groupe:consomption_corp,destruction
consultation_destin_eloigne,1,hors_groupe:consultation_destin_eloigne,pronostic-supreme
contact,1,attaque_de_contact,resistance
contact_a_distance,1,attaque_de_contact,rayon-de-givre
contact_au_corps_a_corps,1,attaque_de_contact,animation-suspendue
contact_avec_creatures_consentantes,1,attaque_de_contact,teleportation-supreme
contact_direct,1,attaque_de_contact,infestation-fongique
contact_physique_requis,1,attaque_de_contact,mot-de-rappel
contre_attaque_adjacent,1,hors_groupe:adjacent_attaque_contre,manteau-de-doutes
contre_attaque_au_contact,1,attaque_de_contact,dard-vengeur
contrer_sort_nefaste,1,metamagie_ou_sort_cible,souhait-limite
contrer_souhaits_informatifs,1,hors_groupe:contrer_informatif_souhait,esprit-impenetrable
contresort,1,dissipation_ou_contresort,dissipation-supreme
controle_actions_ennemies,1,hors_groupe:action_controle_ennemie,insinuation-du-ca-iv
controle_creature_invoquee,1,hors_groupe:controle_creature_invoquee,sacrifice
controle_daemon,1,hors_groupe:controle_distance,eveiller-les-devores
controle_effet_primordial,1,hors_groupe:controlable_portail,cicatrice-magique
controle_image_illusoire,1,illusion_visuelle_ou_sonore,hallucination-audiovisuelle
controle_lanceur,1,hors_groupe:controle_distance,marteau-arboricole
controle_perception_observateurs,1,perception_amelioree,ecran
controle_perception_verite,1,perception_amelioree,placage-trompeur
controle_permanent_du_corps,1,duree_prolongee,ame-parasite
controle_possible_creature,1,hors_groupe:analyse_creature,creation-de-mort-vivant
controle_projectile_magique,1,rayon_ou_projectile,orbe-du-neant
controle_vermine_geante,1,hors_groupe:controle_geante_vermine,vermine-geante
convocation_alliés_naturels,1,invocation_ou_creation,convocation-d-allies-naturels-viii
convocation_creatures_naturelles,1,invocation_ou_creation,convocation-d-allies-naturels-iv
convocation_insectes,1,invocation_ou_creation,insectes-espions-supreme
convocation_instrument,1,invocation_ou_creation,convocation-d-instrument
convocation_loyale_bloquee,1,invocation_ou_creation,protection-contre-la-loi
coordination_tactique,1,hors_groupe:coordination_tactique,assaut-concerte
corps_entierement_detruit,1,hors_groupe:corp_detruit_entierement,resurrection-supreme
corps_immobilisé,1,entrave_ou_immobilisation,possession-d-objet
corps_separe_de_lesprit,1,effet_mental,image-psychique
coup_de_grace_requis,1,hors_groupe:coup_grace,coeur-de-l-ennemi
courant_directionnel,1,hors_groupe:courant_directionnel,mur-de-saumure
cout_diamant_optionnel,1,hors_groupe:cout_diamant_optionnel,miracle
cout_diamant_requis,1,hors_groupe:cout_diamant,permanence
creation_acide,1,invocation_ou_creation,contact-corrosif
creation_arme_ombre,1,invocation_ou_creation|illusion_visuelle_ou_sonore|arme_ou_munition,chaine-cloutee-des-ombres
creation_armure_fantome,1,protection_defensive|invocation_ou_creation,creation-de-mort-vivant
creation_cendres,1,invocation_ou_creation,tempete-de-cendres
creation_de_creatures_ombres,1,invocation_ou_creation|illusion_visuelle_ou_sonore,convocation-d-ombres-supreme
creation_de_force,1,invocation_ou_creation,armure-instantanee
creation_de_lumiere,1,invocation_ou_creation,lumieres-dansantes
creation_de_mur,1,invocation_ou_creation,mur-de-saumure
creation_de_projectiles,1,rayon_ou_projectile|invocation_ou_creation,eruption-de-fleches
creation_distraction_sonore,1,invocation_ou_creation,broussaille-distrayante
creation_eau,1,invocation_ou_creation|terrain_ou_environnement,detremper
creation_effet_magique,1,invocation_ou_creation,souhait-limite
creation_espace_extradimensionnel,1,invocation_ou_creation,anneau-de-repli-feerique
creation_goule_bleme_momie_mohrg,1,invocation_ou_creation,creation-de-mort-vivant
creation_illusion_visuelle,1,invocation_ou_creation|illusion_visuelle_ou_sonore,hallucination-audiovisuelle
creation_illusion_visuelle_sonore,1,invocation_ou_creation|illusion_visuelle_ou_sonore,ecran
creation_mort_vivant,1,invocation_ou_creation,creation-de-mort-vivant
creation_mur_glace,1,invocation_ou_creation,glace-maudite
creation_objets_fragiles,1,invocation_ou_creation|objet_ou_equipement,prestidigitation
creation_orbes_magiques,1,invocation_ou_creation,oeil-indiscret-supreme
creation_projectile_energie,1,rayon_ou_projectile|invocation_ou_creation,fleche-de-loi
creation_sons_illusoires,1,invocation_ou_creation,son-imaginaire
creation_vase,1,invocation_ou_creation,caresse-vaseuse
creation_zone_devastation,1,zone_d_effet|invocation_ou_creation,cicatrice-magique
creatures_niveau_6,1,hors_groupe:6_creature_niveau,convocation-d-ombres-supreme
creatures_niveau_7,1,hors_groupe:6_creature_niveau,convocation-d-allies-naturels-viii
creatures_niveau_8,1,hors_groupe:6_creature_niveau,convocation-d-allies-naturels-viii
creatures_niveau_inferieur,1,hors_groupe:creature_inferieur_niveau,convocation-d-allies-naturels-viii
cumul_avec_rapidite,1,hors_groupe:avec_cumul_rapidite,embourbement
cumul_multiple_effets,1,plusieurs_cibles,thaumaturgie-associative
cône_de_feu,1,zone_d_effet,eternuement-de-feu
dard_venimeux,1,hors_groupe:dard_venimeux,dard-vengeur
debilitation_communication,1,communication_ou_langage,bredouillement
debilitation_progressive,1,hors_groupe:debilitation_progressive,orbe-du-neant
debuff_fievre,1,hors_groupe:debuff_fievre,enchevetrement-repugnant
decharge_unique,1,hors_groupe:decharge_unique,aura-d-avidite
declenchement_magie_primordiale,1,hors_groupe:declenchement_magie_primordiale,cicatrice-magique
defense_passive,1,protection_defensive,sang-adhesif
defiguration_physique,1,hors_groupe:defiguration_physique,contact-defigurant
degat_contact,1,degats_directs|attaque_de_contact,enchevetrement-repugnant
degats_augmentes_par_niveau,1,degats_directs|terrain_ou_environnement,rafale-du-belier
degats_contondants,1,degats_directs,vents-de-la-vengeance
degats_creatures_chaotiques,1,degats_directs,fleche-de-loi
degats_eau_benite,1,degats_directs,glace-maudite
degats_elementaires_variables,1,degats_directs,detonation
degats_epines_optionnel,1,degats_directs,enchevetrement
degats_feu_continu,1,degats_directs,boule-de-goudron
degats_feu_immediat,1,degats_directs,boule-de-goudron
degats_inversion,1,degats_directs,heroisme-insipide-supreme
degats_massifs,1,degats_directs,destruction
degats_mort_vivant,1,degats_directs,destruction-de-mort-vivant
degats_non_letaux,1,degats_directs,coupe-de-poussiere
degats_par_niveau_lanceur,1,degats_directs,coup-mental-iii
degats_physiques,1,degats_directs,marteau-arboricole
degats_reduits_neutres,1,degats_directs,fleche-de-loi
degats_supplementaires_contre_bons,1,degats_directs,epee-impie
degats_supplementaires_premiere_attaque,1,degats_directs,contrariete-des-geants
degats_sur_duree,1,degats_directs,empoisonnement
degats_traversee,1,degats_directs,pierres-acerees
degradation_stat,1,affaiblissement_de_capacite,fouet-d-ego-v
demi_degats_au_lanceur,1,degats_directs,detonation
depassement_sorts_mort,1,hors_groupe:depassement_mort,resurrection-supreme
dependance_cadavre_precedent,1,hors_groupe:cadavre_dependance_precedent,eruption-de-fleches
dependance_lanceur,1,hors_groupe:dependance_lanceur,rendre-un-jugement-superieur
deplacement_autonome_yeux,1,deplacement_ou_teleportation,oeil-indiscret-supreme
deplacement_creatures_ou_objets,1,deplacement_ou_teleportation|objet_ou_equipement,grappin-opportun
deplacement_de_lumiere,1,deplacement_ou_teleportation,lumieres-dansantes
deplacement_instantane,1,deplacement_ou_teleportation|duree_instantanee,teleportation-interplanetaire
deplacement_omnidirectionnel,1,deplacement_ou_teleportation,forme-etheree
deplacement_rapide,1,deplacement_ou_teleportation,traversee-des-ombres
deplacement_sans_connaissance_prealable,1,divination_information|deplacement_ou_teleportation,teleportation-supreme
deplacement_tactique,1,deplacement_ou_teleportation,avancee-offensive
desactivation_objets_magiques,1,objet_ou_equipement,disjonction
desactivation_selective,1,hors_groupe:desactivation_selective,placage-trompeur
desactivation_temporaire,1,hors_groupe:alteration_temporaire,cercle-de-teleportation
desavantage_jet_confusion,1,confusion_ou_desorientation,insinuation-du-ca-iv
description_detaillee,1,hors_groupe:description_detaillee,pierres-commeres
description_fiable_requise,1,hors_groupe:description_detaillee,teleportation-supreme
desorientation_strategique,1,confusion_ou_desorientation,allie-involontaire
desorientation_zone,1,zone_d_effet|confusion_ou_desorientation,localite-egaree
destination_fixe,1,hors_groupe:destination_fixe,cercle-de-teleportation
destination_planete_requise,1,hors_groupe:destination_fixe,teleportation-interplanetaire
destruction_créatures_lumière_sensibles,1,hors_groupe:creature_destruction_lumiere_sensible,explosion-de-lumiere
destruction_instantanee,1,duree_instantanee,destruction
destruction_magie,1,hors_groupe:destruction,disjonction
destruction_morts_vivants_vulnérables,1,hors_groupe:destruction_mort_vivant_vulnerable,rayon-de-soleil
destruction_par_dissipation_magie,1,dissipation_ou_contresort,porte-de-phase
destruction_possible,1,hors_groupe:destruction,caresse-vaseuse
destruction_progressive_couleurs,1,hors_groupe:couleur_destruction_progressive,mur-prismatique
detection_aura_chaotique,1,detection_ou_revelation,detection-du-chaos
detection_auras_magiques,1,detection_ou_revelation,detection-de-la-magie-supreme
detection_aveugle_inefficace,1,detection_ou_revelation,demarche-decalibree
detection_des_tentatives_de_scrutation,1,detection_ou_revelation,detection-de-la-scrutation
detection_destruction_navire,1,detection_ou_revelation,pistage-d-un-navire
detection_direction,1,detection_ou_revelation,reperage
detection_effets_magiques,1,detection_ou_revelation,vision-magique-supreme
detection_sorts_actifs,1,detection_ou_revelation,vision-magique-supreme
difficilement_detectable,1,detection_ou_revelation,cercle-de-teleportation
difficulte_variable_selon_proximite,1,hors_groupe:difficulte_proximite_selon_variable,vision-mystique
diminution_dexterite,1,affaiblissement_de_capacite,rayon-polaire
disparition_au_contact,1,attaque_de_contact,hallucination-audiovisuelle
disparition_fin_sort,1,hors_groupe:disparition_fin,convocation-d-instrument
dissimulation_contenu,1,invisibilite_ou_dissimulation,page-secrete
dissimulation_detection_magie,1,invisibilite_ou_dissimulation|detection_ou_revelation,dissimuler-la-magie
dissimulation_facilitee,1,invisibilite_ou_dissimulation,broussaille-distrayante
dissipable_par_magie,1,dissipation_ou_contresort,animation-suspendue
dissipation_ciblée,1,dissipation_ou_contresort,dissipation-supreme
dissipation_de_zone,1,zone_d_effet|dissipation_ou_contresort,dissipation-supreme
dissipation_difficile,1,dissipation_ou_contresort,microcosme
dissipation_effet_magique,1,dissipation_ou_contresort,restauration-partielle
dissipation_enchantement,1,dissipation_ou_contresort,hurlement-primitif
dissipation_limitee,1,dissipation_ou_contresort,permanence
dissipation_obscurité,1,dissipation_ou_contresort,explosion-de-lumiere
dissolution_alcool_solvant,1,hors_groupe:alcool_dissolution_solvant,sang-adhesif
divination_alignement,1,divination_information|alignement_ou_divin,detection-du-chaos
divination_avancee,1,divination_information|alignement_ou_divin,pronostic-supreme
divination_environnement,1,divination_information|terrain_ou_environnement|alignement_ou_divin,sages-murmures
divination_maritime,1,divination_information|alignement_ou_divin,pistage-d-un-navire
divination_mineure,1,divination_information|alignement_ou_divin,assistance-divine
divination_par_objets,1,divination_information|objet_ou_equipement|alignement_ou_divin,pierres-commeres
divination_personnelle,1,divination_information|alignement_ou_divin,vision-magique-supreme
divination_scrutation,1,divination_information|alignement_ou_divin,contempler-de-loin
dommages_exterieur_mauvais,1,degats_directs,malediction-de-l-eau
don_metamagie_gratuit,1,hors_groupe:don_gratuit_metamagie,thaumaturgie-associative
droit_sauvegarde_garanti,1,jet_de_sauvegarde,protection-contre-la-mort
duree_dependante_niveau,1,terrain_ou_environnement,symbole-de-terreur
duree_indefinie,1,hors_groupe:duree_indefinie,permanence
duree_limitee_rounds,1,hors_groupe:duree_limitee,rayon-affaiblissant
duree_partageable,1,hors_groupe:duree_variable,protection-contre-le-bien-partage
duree_prolongeable,1,duree_prolongee,localite-egaree
duree_variable_selon_pv,1,hors_groupe:duree_variable,mot-de-pouvoir-etourdissant
durée_basée_niveau,1,terrain_ou_environnement,convocation-d-allies-naturels-iv
durée_courte_3_rounds,1,hors_groupe:3_courte_duree_round,tour-de-volonte-de-fer-iii
durée_courte_combat,1,hors_groupe:combat_courte_duree,tour-de-volonte-de-fer-v
durée_partagée_cibles,1,hors_groupe:cible_duree_partagee,ascension
dysfonctionnement_communication,1,communication_ou_langage,bafouiller
dégâts_accrus_morts_vivants,1,degats_directs,rayon-de-soleil
dégâts_acide,1,degats_directs,contact-corrosif
dégâts_augmentés_morts_vivants,1,degats_directs,explosion-de-lumiere
dégâts_contre_attaquant,1,degats_directs,sang-caustique
dégâts_créatures_lumière_sensibles,1,degats_directs,rayon-de-soleil
dégâts_créatures_normales,1,degats_directs,rayon-de-soleil
dégâts_feu,1,degats_directs,eternuement-de-feu
dégâts_force_zone,1,degats_directs|zone_d_effet,manteau-de-colere
dégâts_minimes_sans_équipement,1,degats_directs|objet_ou_equipement,metal-gele
dégâts_par_niveau,1,degats_directs|terrain_ou_environnement,froide-frappe-de-glace
dégâts_perforants,1,degats_directs,croissance-d-epines
dégâts_perforants_tranchants,1,degats_directs,sang-caustique
dégâts_progressifs,1,degats_directs,metal-gele
dégâts_saignement,1,degats_directs,plaie-au-visage
dégâts_saignement_automatiques,1,degats_directs,infestation-fongique
dégâts_son,1,degats_directs,cacophonie
dégâts_structures,1,degats_directs,resonance
dégâts_supplémentaires_feu,1,degats_directs,flammes-du-fidele
dégâts_tranchants,1,degats_directs,fouet-de-l-astradaemon
dégâts_vicieux,1,degats_directs,chaine-cloutee-des-ombres
dégâts_électricité,1,degats_directs,violent-nuage-d-orage-supreme
dégâts_électricité_au_contact,1,degats_directs|attaque_de_contact,image-de-foudre
dégâts_énergie_négative,1,degats_directs,blessure-critique-de-groupe
désactivation_créatures_invoquées,1,hors_groupe:creature_desactivation_invoquee,dissipation-supreme
détection_difficile,1,detection_ou_revelation,croissance-d-epines
echec_si_destination_dangereuse,1,hors_groupe:dangereuse_destination_echec_si,teleportation-interplanetaire
echec_sorts_verbaux,1,hors_groupe:echec_verbaux,bafouiller
eclairage_portable,1,hors_groupe:eclairage_portable,lumieres-dansantes
eclipse_lunaire,1,hors_groupe:eclipse_lunaire,voile-lunaire
ecole_evocation,1,hors_groupe:ecole_evocation,rayon-de-givre
effacement_permanent_possible,1,duree_prolongee,page-secrete
effet_cosmétique_son,1,hors_groupe:cosmetique_son,alteration-d-instrument-de-musique
effet_court_terme,1,hors_groupe:courte_portee,incantation-assuree
effet_exil_nature,1,hors_groupe:exil_nature,tache-noire
effet_instantane_etourdi,1,confusion_ou_desorientation|duree_instantanee,mot-de-pouvoir-etourdissant
effet_limite_par_niveau,1,terrain_ou_environnement,modification-des-vents
effet_magique_persistant,1,hors_groupe:magique_persistant,permanence
effet_mental_charme,1,effet_mental|charme_ou_coercition|arme_ou_munition,sacrifice
effet_mental_coercitif,1,effet_mental|charme_ou_coercition,localite-egaree
effet_mental_massif,1,effet_mental,microcosme
effet_mental_perturbant,1,effet_mental,aspect-de-fee-hantee
effet_mental_sonore,1,effet_mental,hurlement-primitif
effet_permanent,1,duree_prolongee,animation-suspendue
effet_persistant,1,hors_groupe:persistant,enchevetrement-repugnant
effet_persistant_apres_sortie,1,hors_groupe:apre_persistant_sortie,brume-mentale
effet_persistant_sortie,1,hors_groupe:apre_persistant_sortie,interdiction-du-fou
effet_personnalise,1,hors_groupe:personnalise,miracle
effet_progressif_par_dv,1,hors_groupe:dv_progressif,motif-scintillant
effet_reduit_fer_froid,1,hors_groupe:fer_froid_reduit,coeur-du-metal
effet_renforcé_créatures_sensibles_lumière,1,amelioration_de_capacite,explosion-de-lumiere
effet_similaire_puissance_relative,1,hors_groupe:puissance_relative_similaire,souhait-limite
effet_sonore,1,hors_groupe:sonore,violent-nuage-d-orage-supreme
effet_spécial_organismes_primitifs,1,hors_groupe:organisme_primitif_special,explosion-de-lumiere
effet_terminable_volontairement,1,hors_groupe:terminable_volontairement,manteau-de-colere
effet_transmutation,1,transformation_du_sujet,contact-defigurant
effet_ultraviolet_organismes_primitifs,1,hors_groupe:organisme_primitif_ultraviolet,rayon-de-soleil
effet_un_round,1,hors_groupe:round,appel-d-arme
effets_cosmétiques_temporaires,1,hors_groupe:cosmetique_temporaire,prestidigitation
effets_varies_par_couleur,1,hors_groupe:couleur_varie,mur-prismatique
effort_physique_important,1,hors_groupe:effort_important_physique,vision-mystique
ejection_de_creatures,1,hors_groupe:creature_ejection,mur-de-saumure
elimination_directe,1,hors_groupe:directe_elimination,mot-de-pouvoir-mortel
elimination_fatigue,1,hors_groupe:elimination_fatigue,restauration-partielle
elimination_par_des_de_vie,1,hors_groupe:elimination_fatigue,annihilation-de-mort-vivant
embrasement_combustibles,1,hors_groupe:combustible_embrasement,boule-de-feu
emission_lumiere,1,hors_groupe:emission_intense_lumiere,manteau-de-colere
emission_lumiere_intense,1,hors_groupe:emission_intense_lumiere,pilier-de-vie
emotion_peur,1,hors_groupe:emotion_peur,symbole-de-terreur
empeche_contact_creatures_loyales,1,attaque_de_contact,protection-contre-la-loi
empeche_mensonges,1,hors_groupe:apparence_mensonge,zone-de-verite
emprisonnement_magique,1,hors_groupe:emprisonnement_magique,cage-de-force
emprisonnement_mental,1,effet_mental,microcosme
enchantement_arme_tranchante,1,arme_ou_munition,plaie-au-visage
enchantement_charme,1,charme_ou_coercition|arme_ou_munition,symbole-de-fou-rire
enchantement_coercitif,1,charme_ou_coercition,zone-de-verite
enchantement_mental_court_terme,1,effet_mental,allie-involontaire
enchantement_mortel,1,hors_groupe:enchantement_mortel,mot-de-pouvoir-mortel
enchantement_projectiles,1,rayon_ou_projectile,pierre-magique
encrassement_corporel,1,hors_groupe:corporel_encrassement,embourbement
energie_positive,1,hors_groupe:energie_negative,purification
entrave_degainement,1,entrave_ou_immobilisation,paix-forcee
entrave_mobilite,1,entrave_ou_immobilisation,boule-de-goudron
entrave_mouvement,1,entrave_ou_immobilisation|deplacement_ou_teleportation,enchevetrement
epidemie_quotidienne,1,hors_groupe:epidemie_quotidienne,terre-maudite
epuisement_sur_echec,1,hors_groupe:echec_epuisement,coup-mental-v
escalade_et_suspension,1,hors_groupe:escalade_suspension,grappin-opportun
essence_astradaemon,1,hors_groupe:astradaemon_essence,fouet-de-l-astradaemon
etat_chancelant,1,hors_groupe:chancelant_etat,fouet-d-ego-v
etat_euphorie,1,hors_groupe:etat_euphorie,tranquillite-euphorique
etat_secoue,1,hors_groupe:etat_secoue,manteau-de-doutes
eteindre_feu,1,hors_groupe:eteindre_feu,detremper
etourdissement_aura_surpuissante,1,confusion_ou_desorientation,detection-du-chaos
etourdissement_exterieurs_chaotiques,1,confusion_ou_desorientation,fleche-de-loi
etourdit_creatures,1,confusion_ou_desorientation,pulsation-synaptique-supreme
etude_progressive_zone,1,zone_d_effet,detection-du-chaos
evasion_possible,1,hors_groupe:evasion,zone-de-verite
evasion_teleportation_possible,1,deplacement_ou_teleportation,cage-de-force
explosion_differee,1,hors_groupe:differee_explosion,detonation
explosion_feu,1,hors_groupe:explosion_feu,boule-de-feu
extension_duree_elixirs,1,hors_groupe:duree_elixir_extension,amplification-d-elixir
extension_retraction_corde,1,hors_groupe:corde_extension_retraction,grappin-opportun
extinction_feu,1,hors_groupe:destination_fixe,manteau-marin
extinction_flammes,1,hors_groupe:extinction_flamme,detremper
familier_sans_vigilance,1,hors_groupe:familier_sans_vigilance,sentinelle-de-sang
famine_vegetale,1,hors_groupe:aptitude_vegetale,terre-maudite
fantasme_collectif,1,hors_groupe:collectif_fantasme,creation-de-paysage-mental-supreme
fascination_auditeurs,1,hors_groupe:auditeur_fascination,bredouillement
fatigue_apres_incantation,1,metamagie_ou_sort_cible,vision-mystique
fatigue_possible,1,hors_groupe:fatigue,traversee-des-ombres
fatigue_sur_succes,1,hors_groupe:fatigue_succe,coup-mental-v
fievereux_alternative,1,hors_groupe:alternative_fievereux,pulsation-synaptique-supreme
flotte_a_un_metre,1,hors_groupe:flotte_metre,disque-flottant
focalisation_adversaire_plus_grand,1,hors_groupe:adversaire_focalisation_grand_plus,contrariete-des-geants
fonte_metaux,1,hors_groupe:fonte_metaux,boule-de-feu
force_basee_sur_niveau,1,terrain_ou_environnement,marteau-arboricole
forme_bestiale,1,transformation_du_sujet,changement-de-forme
forme_draconique,1,transformation_du_sujet,changement-de-forme
forme_elementaire,1,transformation_du_sujet,changement-de-forme
forçage_forme_humaine,1,transformation_du_sujet,voile-lunaire
fou_rire_involontaire,1,hors_groupe:fou_involontaire_rire,symbole-de-fou-rire
fragile_facilement_destructible,1,hors_groupe:destructible_facilement_fragile,oeil-indiscret-supreme
fragilisation_chair,1,hors_groupe:chair_fragilisation,infestation-fongique
fusion_orbes,1,hors_groupe:fusion_orbe,orbe-du-neant
gemme_focalisatrice_requise,1,hors_groupe:focalisatrice_gemme,protection-contre-les-sorts
gemme_spirituelle_requise,1,hors_groupe:gemme_spirituelle,ame-parasite
gestion_multiples_cibles,1,plusieurs_cibles,creation-de-paysage-mental-supreme
groupe_coordonne,1,plusieurs_cibles,traversee-des-ombres
groupe_créatures,1,plusieurs_cibles,blessure-critique-de-groupe
groupe_et_objets_transportables,1,objet_ou_equipement|plusieurs_cibles,teleportation-interplanetaire
guerison_creatures_vivantes,1,soin_ou_guerison,pilier-de-vie
guerison_massive,1,soin_ou_guerison,souhait
guerison_morts_vivants,1,soin_ou_guerison,orbe-du-neant
hallucination_sensorielle,1,hors_groupe:hallucination_sensorielle,hallucination-audiovisuelle
historique_contact,1,attaque_de_contact,pierres-commeres
hostilite_creatures_aquatiques,1,hors_groupe:aquatique_creature_hostilite,tache-noire
humanoïdes_uniquement,1,hors_groupe:humanoide_uniquement,hebetement-de-groupe
hurlement_psychique,1,effet_mental,pulsation-synaptique-supreme
identification_derniers_sorts,1,detection_ou_revelation,detection-de-la-magie-supreme
identification_enchantements,1,detection_ou_revelation,vision-magique-supreme
identification_intensite_aura,1,detection_ou_revelation,detection-du-chaos
identification_magique,1,detection_ou_revelation,signature-magique
identification_trompeuse,1,detection_ou_revelation,heroisme-insipide-supreme
ignore_intangibilite,1,hors_groupe:ignore_intangibilite,armure-instantanee
ignore_solidité,1,hors_groupe:ignore_solidite,resonance
ignorer_resistance_dommages,1,degats_directs,coeur-du-metal
illusion_aura,1,illusion_visuelle_ou_sonore,placage-trompeur
illusion_de_double,1,illusion_visuelle_ou_sonore,image-de-foudre
illusion_lumineuse,1,illusion_visuelle_ou_sonore,lumieres-dansantes
illusion_mentale,1,effet_mental|illusion_visuelle_ou_sonore,creation-de-paysage-mental-supreme
illusion_permanente,1,illusion_visuelle_ou_sonore|duree_prolongee,microcosme
illusion_sensorielle,1,illusion_visuelle_ou_sonore,synesthesie-de-groupe
illusion_sonore,1,illusion_visuelle_ou_sonore,demarche-decalibree
illusion_visuelle,1,illusion_visuelle_ou_sonore,motif-scintillant
images_multicolores,1,illusion_visuelle_ou_sonore,avancee-offensive
imitation_instrument,1,hors_groupe:imitation_instrument,alteration-d-instrument-de-musique
immobilisation_armes,1,entrave_ou_immobilisation|arme_ou_munition,sang-adhesif
immunite_5dv_ou_plus,1,immunite_ou_resistance_element,hebetement
immunite_absorption_energie,1,immunite_ou_resistance_element,protection-contre-la-mort
immunite_armes_distance,1,immunite_ou_resistance_element|arme_ou_munition,vents-de-la-vengeance
immunite_attaque,1,immunite_ou_resistance_element,tranquillite-euphorique
immunite_attaques_materielles,1,immunite_ou_resistance_element|objet_ou_equipement,forme-etheree
immunite_aux_attaques_physiques,1,immunite_ou_resistance_element,image-psychique
immunite_aux_degats,1,degats_directs|immunite_ou_resistance_element,animation-suspendue
immunite_detection,1,immunite_ou_resistance_element|detection_ou_revelation,esprit-impenetrable
immunite_dommage_lanceur,1,degats_directs|immunite_ou_resistance_element,vermine-geante
immunite_energie_negative,1,immunite_ou_resistance_element,protection-contre-la-mort
immunite_neuf_des_de_vie,1,immunite_ou_resistance_element,annihilation-de-mort-vivant
immunite_partielle_fer_froid,1,immunite_ou_resistance_element,aspect-de-fee-hantee
immunite_propres_sorts,1,immunite_ou_resistance_element,salut-du-sang
immunite_rage_personnelle,1,immunite_ou_resistance_element,manteau-de-calme
immunite_repetition_1min,1,immunite_ou_resistance_element,hebetement
immunite_temporaire_sort_ennemi,1,immunite_ou_resistance_element|metamagie_ou_sort_cible,salut-du-sang
immunite_transfert_force_vitale,1,immunite_ou_resistance_element,vie-scellee
immunité_contrôle_mental,1,effet_mental|charme_ou_coercition|immunite_ou_resistance_element,tour-de-volonte-de-fer-v
immunité_possible,1,immunite_ou_resistance_element,image-de-foudre
immunité_saignements_critiques,1,immunite_ou_resistance_element,corps-elementaire-iv
immunité_surdité_partielle,1,immunite_ou_resistance_element,cacophonie
implantation_message_mental,1,effet_mental|communication_ou_langage,messager-verrouille
impossibilité_causer_dégâts,1,degats_directs,prestidigitation
impression_psychique_abstraite,1,effet_mental,contempler-de-loin
incantation_sanguine_acceleree,1,metamagie_ou_sort_cible,salut-du-sang
incapacitation_parole,1,communication_ou_langage,bredouillement
incapacité_parole_magie,1,communication_ou_langage,possession-d-objet
inconscience,1,hors_groupe:inconscience,motif-scintillant
inefficace_sous_eau,1,terrain_ou_environnement,sang-adhesif
inflige_degats,1,degats_directs,eveiller-les-devores
inflige_degats_force,1,degats_directs,rafale-du-belier
inflige_fatigue,1,hors_groupe:fatigue_inflige,fatigue
inflige_niveau_negatif,1,hors_groupe:inflige_negatif_niveau,fouet-de-l-astradaemon
inflige_niveaux_negatifs,1,hors_groupe:inflige_negatif_niveau,orbe-du-neant
infliger_cécité,1,hors_groupe:cecite_infliger,rayon-de-soleil
influence_emotionnelle,1,hors_groupe:emotionnelle_influence,examen-approfondi
information_contextuelle,1,divination_information,sages-murmures
information_obscure_et_enigmatique,1,divination_information,pronostic-supreme
informations_incompletes_possible,1,divination_information,vision-mystique
instrument_temporaire,1,hors_groupe:instrument_temporaire,convocation-d-instrument
intangibilite,1,hors_groupe:ignore_intangibilite,forme-etheree
intensification_avec_jugement,1,hors_groupe:avec_intensification_jugement,flammes-du-fidele
interaction_revele_illusion,1,illusion_visuelle_ou_sonore,ecran
interception_sorts,1,hors_groupe:interception,aura-d-avidite
interdiction_action,1,hors_groupe:action_interdiction,action-interdite
interrogation_environnement,1,terrain_ou_environnement,pierres-commeres
intervention_divine,1,alignement_ou_divin,miracle
invisibilite_temporaire,1,invisibilite_ou_dissimulation,forme-etheree
invocation_alliés,1,invocation_ou_creation,convocation-d-allies-naturels-iv
invocation_ames,1,invocation_ou_creation,eveiller-les-devores
invocation_colonne_lumineuse,1,invocation_ou_creation,pilier-de-vie
invocation_de_creatures,1,invocation_ou_creation,convocation-d-allies-naturels-viii
invocation_guerison,1,soin_ou_guerison|invocation_ou_creation,guerison-de-destrier
invocation_teleportation,1,invocation_ou_creation|deplacement_ou_teleportation,teleportation-supreme
isolation_auditive_selective,1,illusion_visuelle_ou_sonore,communication-securisee-supreme
isolation_conditions_exterieures,1,hors_groupe:condition_exterieure_isolation,anneau-de-repli-feerique
isolation_du_rivage,1,hors_groupe:isolation_rivage,tache-noire
jamais_surpris,1,hors_groupe:jamai_surpri,premonition
javelots_projectiles,1,rayon_ou_projectile,glace-maudite
jet_de_sauvegarde_ameliore,1,jet_de_sauvegarde,reflexes-accrus
jet_de_sauvegarde_objet,1,jet_de_sauvegarde|objet_ou_equipement,metal-gele
jet_de_volonte_pour_decouvrir,1,hors_groupe:decouvrir_jet_volonte,son-imaginaire
jet_sauvegarde_chaque_round,1,jet_de_sauvegarde,empoisonnement
jet_sauvegarde_niveau_7,1,jet_de_sauvegarde,souhait-limite
jet_vigueur,1,jet_de_sauvegarde,fatigue
jet_volonte,1,jet_de_sauvegarde,action-interdite
jet_volonte_defensif,1,jet_de_sauvegarde|protection_defensive,manteau-de-doutes
jet_volonte_obligatoire,1,jet_de_sauvegarde,interdiction-du-fou
jet_volonte_resistance,1,jet_de_sauvegarde,contact-defigurant
jugement_partage,1,hors_groupe:jugement_partage,rendre-un-jugement-superieur
lancement_de_sorts_psychiques,1,effet_mental|metamagie_ou_sort_cible,image-psychique
lancer_grappin_sur_objet,1,objet_ou_equipement,grappin-opportun
lecture_langage_corporel,1,communication_ou_langage,examen-approfondi
liberation_paralysie,1,entrave_ou_immobilisation,hurlement-primitif
liberation_possible,1,hors_groupe:liberation,enchevetrement
lien_au_lanceur,1,hors_groupe:lanceur_lien,sentinelle-de-sang
lien_magique_temporaire,1,hors_groupe:cosmetique_temporaire,sacrifice-partage
ligne_effet,1,hors_groupe:ligne,froide-frappe-de-glace
limitation_actions,1,hors_groupe:action_immediate,eternuement-de-feu
limitation_par_des,1,hors_groupe:baton_limitation,microcosme
limitation_points_de_vie,1,hors_groupe:limitation_point_vie,mot-de-pouvoir-etourdissant
limitation_temporaire,1,hors_groupe:alteration_temporaire,action-interdite
limitation_un_baton,1,hors_groupe:baton_limitation,baton-a-sort
limite_distance_meme_plan,1,hors_groupe:distance_limite_meme_plan,mot-de-rappel
limite_points_vie,1,hors_groupe:limitation_point_vie,mot-de-pouvoir-mortel
limon_vert,1,hors_groupe:limon_vert,caresse-vaseuse
localisation_de_l_observateur,1,detection_ou_revelation,detection-de-la-scrutation
localisation_fausse,1,detection_ou_revelation,demarche-decalibree
localisation_navire,1,detection_ou_revelation,pistage-d-un-navire
localisation_source_chaos,1,detection_ou_revelation|alignement_ou_divin,detection-du-chaos
localisation_sources_magiques,1,detection_ou_revelation,detection-de-la-magie-supreme
main_magique_interposee,1,hors_groupe:interposee_magique_main,main-interposee
maintien_proximité_focaliseur,1,entrave_ou_immobilisation,ascension
mal_necromantique,1,hors_groupe:mal_necromantique,terre-maudite
maladie,1,hors_groupe:maladie,caresse-vaseuse
maladie_fongique,1,hors_groupe:fongique_maladie,infestation-fongique
malefice_eau,1,terrain_ou_environnement,malediction-de-l-eau
malus_attaque,1,malus_chiffre,manteau-de-calme
malus_attaque_progressif,1,malus_chiffre,plaie-au-visage
malus_changement_forme,1,malus_chiffre,voile-lunaire
malus_combat_subaquatique,1,malus_chiffre,mur-de-saumure
malus_dexterite,1,malus_chiffre,boule-de-goudron
malus_jets_attaque,1,malus_chiffre,heroisme-insipide-supreme
malus_jets_sauvegarde,1,malus_chiffre|jet_de_sauvegarde,heroisme-insipide-supreme
malus_sagesse_et_volonte,1,malus_chiffre,brume-mentale
malus_sorts_psychiques,1,malus_chiffre|effet_mental,manteau-de-doutes
malus_tests_competence,1,malus_chiffre,heroisme-insipide-supreme
malédiction_contact,1,attaque_de_contact,contact-defigurant
malédiction_deshydratation,1,hors_groupe:deshydratation_malediction,coupe-de-poussiere
maneuvrabilite_bonne,1,hors_groupe:bonne_maneuvrabilite,vol-superieur
manifestation_vaporeuse,1,hors_groupe:manifestation_vaporeuse,appel-d-un-esprit
manipulation_effet_sort,1,hors_groupe:manipulation,dissimuler-la-magie
manipulation_langage_corporel,1,communication_ou_langage,placage-trompeur
manipulation_legere_objets,1,objet_ou_equipement,prestidigitation
manipulation_physique_mineure,1,hors_groupe:manipulation_mineure_physique,appel-d-un-esprit
manoeuvre_croc_en_jambe,1,hors_groupe:croc_jambe_manoeuvre,sabot-du-tonnerre
manteau_lumineux,1,hors_groupe:lumineux_manteau,manteau-de-colere
masquage_aura_magique,1,invisibilite_ou_dissimulation,dissimuler-la-magie
masquage_zone,1,zone_d_effet|invisibilite_ou_dissimulation,ecran
materiel_musical_conjure,1,objet_ou_equipement,convocation-d-instrument
metamorphose_multiple,1,transformation_du_sujet|plusieurs_cibles,changement-de-forme
metamorphose_plante,1,transformation_du_sujet|terrain_ou_environnement,forme-vegetale-iii
modification_apparence_objets,1,objet_ou_equipement,prestidigitation
modification_perception,1,perception_amelioree,creation-de-paysage-mental-supreme
modification_perception_spatiale,1,perception_amelioree,localite-egaree
modification_realite,1,hors_groupe:modification_page_texte,souhait
modification_sonore_instrument,1,hors_groupe:instrument_modification_sonore,alteration-d-instrument-de-musique
modification_texte_page,1,hors_groupe:modification_page_texte,page-secrete
mort_de_la_cible,1,hors_groupe:mort,ame-parasite
mort_difficile_a_inverser,1,hors_groupe:difficile_inverser_mort,destruction
mort_instantanee,1,duree_instantanee,mot-de-pouvoir-mortel
mort_vivant_tue_instantanement,1,duree_instantanee,annihilation-de-mort-vivant
mouillage_objet,1,objet_ou_equipement,detremper
mouvement_ligne_droite,1,deplacement_ou_teleportation,avancee-offensive
mouvements_preprogrammes,1,deplacement_ou_teleportation,hallucination-audiovisuelle
multiple_cibles,1,plusieurs_cibles,synesthesie-de-groupe
multiplicateur_variables,1,hors_groupe:multiplicateur_variable,amplification-d-elixir
murmures_naturels,1,hors_groupe:murmure_naturel,sages-murmures
nage_gratuite,1,hors_groupe:gratuite_nage,manteau-marin
nausee,1,hors_groupe:nausee,bredouillement
navigation_imprecise,1,hors_groupe:imprecise_navigation,traversee-des-ombres
navigation_instantanee,1,duree_instantanee,reperage
necessite_contact_sol,1,attaque_de_contact|terrain_ou_environnement,sabot-du-tonnerre
necromancie_malveillante,1,hors_groupe:malveillante_necromancie,creation-de-mort-vivant
necromancien_benefique,1,hors_groupe:benefique_necromancien,orbe-du-neant
necromancien_et_victime_lies,1,hors_groupe:libre_necromancien_reste,sacrifice-partage
necromancien_predateur,1,hors_groupe:libre_necromancien_reste,coeur-de-l-ennemi
necromancien_reste_libre,1,hors_groupe:libre_necromancien_reste,ame-parasite
niveau_4_maximum,1,hors_groupe:4_maximum_niveau,convocation-d-allies-naturels-iv
niveau_lanceur_minimum,1,hors_groupe:lanceur_minimum_niveau,permanence
niveaux_négatifs_permanents,1,duree_prolongee,ascension
nombre_vermine_par_niveau,1,illusion_visuelle_ou_sonore|terrain_ou_environnement,vermine-geante
nourriture_generee,1,hors_groupe:generee_nourriture,anneau-de-repli-feerique
nécromancie_offensive,1,hors_groupe:necromancien,infestation-fongique
objet_focus_necessaire,1,objet_ou_equipement,pistage-d-un-navire
objets_et_creatures,1,objet_ou_equipement,mot-de-rappel
obscurcissement_lumineux,1,hors_groupe:lumineux_obscurcissement,voile-lunaire
observation_magique_trompee,1,hors_groupe:magique_observation_trompee,ecran
obstacle_aquatique,1,terrain_ou_environnement,mur-de-saumure
octroi_grade_mythique,1,hors_groupe:grade_mythique_octroi,ascension
onde_puissance_terre,1,hors_groupe:onde_puissance_terre,sabot-du-tonnerre
orientation_magnetique,1,hors_groupe:aide_orientation,reperage
oubli_apres_transmission,1,hors_groupe:apre_oubli_transmission,messager-verrouille
oubli_competences,1,hors_groupe:competence_oubli,atavisme-de-groupe
pacifisme_force,1,hors_groupe:force_pacifisme,tranquillite-euphorique
paiement_alternatif_services,1,hors_groupe:alternatif_paiement_service,sacrifice
paralyse_action,1,entrave_ou_immobilisation,hebetement
parole_inintelligible,1,communication_ou_langage,bafouiller
parole_terrifiante,1,communication_ou_langage,mot-de-pouvoir-mortel
partage_de_degats,1,degats_directs,sacrifice-partage
partage_duree,1,hors_groupe:cible_duree_partagee,resistance-aux-energies-destructives-partage
partage_sens,1,hors_groupe:partage_sens,insectes-espions-supreme
passage_etheree_invisible,1,invisibilite_ou_dissimulation,porte-de-phase
paysage_mental_cree,1,effet_mental,microcosme
penalite_combat,1,malus_chiffre,contact-defigurant
penalite_eau,1,malus_chiffre|terrain_ou_environnement,corps-enflamme
penalite_lanceur_feu,1,malus_chiffre,zone-de-flammes-instables
penalite_mentale,1,malus_chiffre|effet_mental,manteau-de-doutes
perception_amis,1,perception_amelioree,tranquillite-euphorique
perception_cachee,1,perception_amelioree,pierres-commeres
perception_limitee_plan_materiel,1,perception_amelioree|objet_ou_equipement,forme-etheree
perception_magique_superieure,1,perception_amelioree,vision-magique-supreme
perception_psychique_distance,1,effet_mental|perception_amelioree,contempler-de-loin
permanence_jusqu_utilisation,1,duree_prolongee,baton-a-sort
permanente_sur_objet,1,objet_ou_equipement|duree_prolongee,signature-magique
persistance_aura_residuelle,1,hors_groupe:aura_persistance_residuelle,detection-du-chaos
perte_intelligence_si_tuee,1,hors_groupe:intelligence_perte_si_tuee,sentinelle-de-sang
perte_temporaire_mythique,1,hors_groupe:cosmetique_temporaire,ascension
peut_briser_obstacles,1,terrain_ou_environnement,rafale-du-belier
peut_renverser,1,hors_groupe:peut_renverser,rafale-du-belier
phosphorescence_froide,1,hors_groupe:froide_phosphorescence,fouet-de-l-astradaemon
piege_armes_collees,1,arme_ou_munition,sang-adhesif
piege_esprit,1,effet_mental,microcosme
piege_magique_detectable,1,detection_ou_revelation,symbole-de-terreur
plan_de_force,1,hors_groupe:force_plan,disque-flottant
planification_prealable,1,hors_groupe:planification_prealable,assaut-concerte
pluie_suivante,1,hors_groupe:pluie_suivante,detremper
points_vie_temporaires,1,hors_groupe:point_temporaire_vie,coeur-de-l-ennemi
poison_irritant,1,hors_groupe:irritant_poison,enchevetrement-repugnant
portail_controlable,1,hors_groupe:controlable_portail,anneau-de-repli-feerique
portee_allonge,1,hors_groupe:allonge_portee,marteau-arboricole
portee_limitee_1_5_km,1,hors_groupe:limitee_portee,oeil-indiscret-supreme
portee_limitee_focalisation,1,hors_groupe:focalisation_limitee_portee,contrariete-des-geants
portee_longue,1,hors_groupe:allonge_portee,boule-de-feu
portee_moyenne,1,hors_groupe:moyenne_portee,deja-vu
portee_temporelle_extreme,1,hors_groupe:extreme_portee_temporelle,pronostic-supreme
portee_variable,1,hors_groupe:duree_variable,pierre-magique
possession_d_ame_etrangere,1,hors_groupe:ame_etrangere_possession,ame-parasite
possession_temporaire,1,hors_groupe:point_temporaire_vie,possession-d-objet
prairie_confortable,1,hors_groupe:confortable_prairie,anneau-de-repli-feerique
prediction_cryptique,1,hors_groupe:cryptique_prediction,pronostic-supreme
premier_round_ameliore,1,hors_groupe:ameliore_premier_round,assaut-concerte
preparation_sort_utilisé,1,metamagie_ou_sort_cible,rememoration
prevention_vol_vitalite,1,hors_groupe:prevention_vitalite_vol,vie-scellee
prise_en_tenailles_facilitee,1,hors_groupe:facilitee_prise_tenaille,allie-involontaire
prison_invisible,1,invisibilite_ou_dissimulation,cage-de-force
projectile_dirigeable,1,rayon_ou_projectile,boule-de-feu
projectile_enflammé,1,rayon_ou_projectile,eternuement-de-feu
projection_intangible,1,hors_groupe:intangible_projection,image-psychique
projection_sang_acide,1,hors_groupe:acide_projection_sang,sang-caustique
prolongement_reserves_alimentaires,1,hors_groupe:alimentaire_prolongement_reserve,ascese
proprietes_metaux_magiques,1,hors_groupe:magique_metaux_propriete,coeur-du-metal
propriété_feu,1,hors_groupe:feu_propriete,flammes-du-fidele
protection_alliés,1,protection_defensive,reflexes-accrus
protection_alliés_proche,1,protection_defensive,tour-de-volonte-de-fer-iii
protection_alliés_volonté,1,protection_defensive,tour-de-volonte-de-fer-v
protection_au_detriment_de_la_cible,1,protection_defensive,sacrifice-partage
protection_calme,1,protection_defensive,manteau-de-calme
protection_contre_adversaire,1,protection_defensive,aspect-de-fee-hantee
protection_contre_attaques_cible,1,protection_defensive,allie-involontaire
protection_contre_attaques_loyales,1,protection_defensive,protection-contre-la-loi
protection_contre_bien,1,protection_defensive|alignement_ou_divin,protection-contre-le-bien-partage
protection_contre_effacement,1,protection_defensive,signature-magique
protection_contre_magie,1,protection_defensive,protection-contre-les-sorts
protection_contre_revelation,1,protection_defensive|detection_ou_revelation,messager-verrouille
protection_contre_scrutation,1,protection_defensive,ecran
protection_contre_transfert_degats,1,degats_directs|protection_defensive,vie-scellee
protection_divination,1,protection_defensive|divination_information|alignement_ou_divin,esprit-impenetrable
protection_energie,1,protection_defensive,resistance-aux-energies-destructives-partage
protection_intuitive,1,protection_defensive,premonition
protection_lanceur,1,protection_defensive,mur-prismatique
protection_par_illusion,1,protection_defensive|illusion_visuelle_ou_sonore,manteau-de-doutes
protection_parchemin,1,protection_defensive,page-secrete
protection_passive,1,protection_defensive,main-interposee
protection_sorts_mort,1,protection_defensive,protection-contre-la-mort
protection_vents,1,protection_defensive,vents-de-la-vengeance
protection_volonte,1,protection_defensive,chaine-cloutee-des-ombres
protection_zone_personnage,1,zone_d_effet|protection_defensive,interdiction-du-fou
pénalité_mobilité,1,malus_chiffre,croissance-d-epines
question_sur_cible,1,hors_groupe:question,vision-mystique
questions_limitees_par_niveau,1,terrain_ou_environnement,appel-d-un-esprit
rage_sanguine_bonus,1,bonus_chiffre,salut-du-sang
ralentissement_deplacement,1,entrave_ou_immobilisation|deplacement_ou_teleportation,main-interposee
ralentissement_des_cibles,1,entrave_ou_immobilisation,embourbement
ralentissement_temporaire,1,entrave_ou_immobilisation,croissance-d-epines
rayon_3_mètres,1,rayon_ou_projectile,tour-de-volonte-de-fer-iii
rayon_contact_distance,1,rayon_ou_projectile|attaque_de_contact,rayon-affaiblissant
rayon_de_lumiere_éblouissante,1,rayon_ou_projectile,rayon-de-soleil
rayon_effet_9m,1,rayon_ou_projectile,broussaille-distrayante
rayon_energie_positive,1,rayon_ou_projectile,destruction-de-mort-vivant
rayon_explosion_progressif,1,rayon_ou_projectile,detonation
rayon_froid,1,rayon_ou_projectile,rayon-polaire
rayon_magique,1,rayon_ou_projectile,rayon-de-givre
reaction_contre_attaque_melee,1,hors_groupe:attaque_contre_melee_reaction,vents-de-la-vengeance
reanimation_zombis,1,hors_groupe:reanimation_zombi,terre-maudite
reconnaissance,1,divination_information,insectes-espions-supreme
reconnaissance_et_surveillance,1,divination_information,oeil-indiscret-supreme
reconnaissance_lieu_eloigne,1,divination_information,contempler-de-loin
reconnaissance_signature_lanceur,1,divination_information,detection-de-la-magie-supreme
reconstruction_partielle,1,hors_groupe:partielle_reconstruction,reparation
recuperation_points_caracteristique,1,hors_groupe:caracteristique_point_recuperation,restauration-partielle
recuperation_points_de_vie,1,hors_groupe:point_recuperation_vie,reparation
recuperation_sort_recent,1,metamagie_ou_sort_cible,rememoration
redirection_degats_feu,1,degats_directs,zone-de-flammes-instables
redirection_possible,1,hors_groupe:redirection,main-interposee
reduction_caracteristique,1,affaiblissement_de_capacite,contact-defigurant
reduction_degats_lanceur,1,degats_directs,sacrifice-partage
reduction_degats_temporaire,1,degats_directs,aspect-de-fee-hantee
reduction_epuisement,1,hors_groupe:epuisement_reduction,restauration-partielle
reduction_force_temporaire,1,affaiblissement_de_capacite,rayon-affaiblissant
reduction_illumination,1,hors_groupe:illumination_reduction,chaine-cloutee-des-ombres
reduction_vision,1,perception_amelioree,voile-lunaire
reduction_vitesse_deplacement,1,deplacement_ou_teleportation,tranquillite-euphorique
refroidissement_metal,1,hors_groupe:metal_refroidissement,metal-gele
refuge_securise_portable,1,hors_groupe:portable_refuge_securise,anneau-de-repli-feerique
relance_sort_24h,1,metamagie_ou_sort_cible,rememoration
relancer_des_des,1,hors_groupe:relancer,souhait
remplace_armure_existante,1,protection_defensive,armure-instantanee
rendre_sort_permanent,1,duree_prolongee|metamagie_ou_sort_cible,permanence
renforcement_alchimique,1,amelioration_de_capacite,amplification-d-elixir
reparation_degats,1,degats_directs,reparation
reparation_objet_magique,1,objet_ou_equipement,reparation
reperage_des_capteurs_magiques,1,detection_ou_revelation,detection-de-la-scrutation
reperage_nord,1,detection_ou_revelation,reperage
repetition_actions_forcees,1,hors_groupe:action_forcee_repetition,deja-vu
replication_de_flèche,1,hors_groupe:fleche_replication,eruption-de-fleches
repousse_cible,1,hors_groupe:repousse,rafale-du-belier
reproduction_sort_niveau_inferieur,1,metamagie_ou_sort_cible,souhait-limite
requete_divine,1,alignement_ou_divin,miracle
resistance_a_l_espionnage_magique,1,hors_groupe:espionnage_magique_resistance,detection-de-la-scrutation
resistance_aux_aveugles,1,hors_groupe:aveugle_resistance,motif-scintillant
resistance_aux_boissons,1,hors_groupe:boisson_resistance,coupe-de-poussiere
resistance_aux_loyaux,1,hors_groupe:aveugle_resistance,protection-contre-la-loi
resistance_bousculade,1,hors_groupe:bousculade_creature,racine
resistance_creatures_loyales,1,hors_groupe:creature_loyale_resistance,fleche-de-loi
resistance_detection_magique,1,detection_ou_revelation,page-secrete
resistance_dissipation,1,dissipation_ou_contresort,cage-de-force
resistance_magie_inoffensive,1,resistance_a_la_magie,resistance
resistance_magie_niveau_7,1,resistance_a_la_magie,souhait-limite
resistance_magie_traversable,1,resistance_a_la_magie,mur-prismatique
resistance_mentale,1,effet_mental,esprit-impenetrable
resistance_mentale_reduite,1,effet_mental,brume-mentale
resistance_pouvoirs_magiques,1,hors_groupe:magique_persistant,protection-contre-les-sorts
resistance_renversement,1,hors_groupe:elementaire_resistance,racine
resistance_volontaire,1,hors_groupe:resistance_volonte,mot-de-rappel
resistances_elementaires,1,hors_groupe:elementaire_resistance,forme-vegetale-iii
respiration_aquatique,1,hors_groupe:aquatique_respiration,manteau-marin
respiration_environnement_hostile,1,terrain_ou_environnement,vents-de-la-vengeance
ressuscitation_longue_duree,1,hors_groupe:duree_longue_ressuscitation,resurrection-supreme
restauration_caracteristique,1,soin_ou_guerison,restauration-partielle
restauration_complete_sante,1,soin_ou_guerison,resurrection-supreme
restauration_objet,1,soin_ou_guerison|objet_ou_equipement,reparation
restauration_points_de_vie,1,soin_ou_guerison,guerison-de-destrier
reste_horizontal,1,hors_groupe:horizontal_reste,disque-flottant
restriction_mouvement,1,deplacement_ou_teleportation,enchevetrement-repugnant
restriction_preparation_action,1,hors_groupe:action_preparation_restriction,deja-vu
restriction_temporaire,1,hors_groupe:alteration_temporaire,paix-forcee
resurrection,1,hors_groupe:redirection,souhait
resurrection_elementaires_exterieurs,1,hors_groupe:elementaire_exterieur_resurrection,resurrection-supreme
resurrection_sans_penalite,1,malus_chiffre,resurrection-supreme
retour_automatique_si_tromperie,1,hors_groupe:automatique_retour_si_tromperie,teleportation-supreme
revigoration_personnelle,1,hors_groupe:personnelle_revigoration,hurlement-primitif
riposte_automatique,1,hors_groupe:automatique_riposte,sang-caustique
risque_apparition_aleatoire,1,hors_groupe:aleatoire_apparition_risque,traversee-des-ombres
risque_destruction_permanente,1,duree_prolongee,disjonction
risque_materialisation_dangereuse,1,hors_groupe:dangereuse_materialisation_risque,forme-etheree
risque_usurpateur_malveillant,1,hors_groupe:malveillant_risque_usurpateur,appel-d-un-esprit
rituel_nocturne,1,hors_groupe:nocturne_rituel,creation-de-mort-vivant
rune_invisible_possible,1,invisibilite_ou_dissimulation,signature-magique
rune_luisante,1,hors_groupe:luisante_rune,flammes-du-fidele
résistance_dégâts_réduction,1,degats_directs,corps-elementaire-iv
résistance_magie_inoffensif,1,resistance_a_la_magie,tour-de-volonte-de-fer-iii
résistance_magie_électricité,1,resistance_a_la_magie,image-de-foudre
résistance_magique_inoffensif,1,resistance_a_la_magie,manteau-de-colere
sacrifice_de_sang,1,hors_groupe:sacrifice_sang,sentinelle-de-sang
sacrifice_offrande,1,hors_groupe:offrande_sacrifice,sacrifice
sanctuaire_predetermine,1,protection_defensive,mot-de-rappel
sans_attaque_opportunite,1,hors_groupe:attaque_opportunite_pas,sabot-du-tonnerre
sans_sauvegarde,1,jet_de_sauvegarde,mot-de-pouvoir-mortel
satisfaction_besoins_nutritifs,1,soin_ou_guerison,ascese
sauvegarde_réflexes,1,jet_de_sauvegarde,violent-nuage-d-orage-supreme
sauvegarde_vigueur,1,jet_de_sauvegarde,violent-nuage-d-orage-supreme
scellement_arme,1,arme_ou_munition,paix-forcee
secouement_sur_eau,1,terrain_ou_environnement,tache-noire
serviteurs_magiques,1,hors_groupe:magique_serviteur,anneau-de-repli-feerique
signature_personnelle,1,hors_groupe:personnelle_signature,signature-magique
silence_magique,1,hors_groupe:magique_piege,silence-respectueux
sixieme_sens,1,hors_groupe:sens_sixieme,premonition
soif_inextinguible,1,hors_groupe:inextinguible_soif,coupe-de-poussiere
soigne_morts_vivants,1,hors_groupe:mort_soigne_vivant,blessure-critique-de-groupe
soin_monture,1,soin_ou_guerison,guerison-de-destrier
soin_par_feu,1,soin_ou_guerison,corps-enflamme
soin_points_de_degats,1,degats_directs|soin_ou_guerison,purification
sons_decales,1,hors_groupe:decale_sons,demarche-decalibree
sons_entrants_autorises,1,hors_groupe:autorise_entrant_sons,silence-respectueux
sons_non_intelligibles,1,hors_groupe:intelligible_non_sons,son-imaginaire
sort_miracle,1,metamagie_ou_sort_cible,miracle
sort_niveau_5_max,1,metamagie_ou_sort_cible,rememoration
sort_niveau_8,1,metamagie_ou_sort_cible,rayon-polaire
sort_offensif_necromancien,1,metamagie_ou_sort_cible,destruction-de-mort-vivant
sort_suivant_uniquement,1,metamagie_ou_sort_cible,incantation-assuree
sort_supplementaire,1,metamagie_ou_sort_cible,baton-a-sort
sort_ultime,1,metamagie_ou_sort_cible,souhait
sorts_creatures_autres,1,hors_groupe:analyse_creature,permanence
sorts_inoffensifs_niveau_3_max,1,hors_groupe:3_inoffensif_max_niveau,aura-d-avidite
sorts_objets_zones,1,zone_d_effet|objet_ou_equipement,permanence
sorts_personnels_seulement,1,hors_groupe:personnel_seulement,permanence
stabilite_au_sol,1,terrain_ou_environnement,racine
stase_temporelle,1,hors_groupe:stase_temporelle,animation-suspendue
stockage_sort_baton,1,metamagie_ou_sort_cible,baton-a-sort
substance_collante,1,hors_groupe:collante_substance,sang-adhesif
suit_le_lanceur,1,hors_groupe:lanceur_lien,disque-flottant
suivi_en_temps_reel,1,hors_groupe:reel_suivi_temp,pistage-d-un-navire
support_charge_limitee,1,hors_groupe:charge_limitee_support,grappin-opportun
suppression_condition_cassé,1,hors_groupe:casse_condition_suppression,reparation
suppression_conditions_nefastes,1,hors_groupe:casse_condition_suppression,purification
suppression_malédictions,1,hors_groupe:casse_condition_suppression,dissipation-supreme
suppression_rage_contact,1,attaque_de_contact,manteau-de-calme
surface_horizontale,1,hors_groupe:horizontal_reste,cercle-de-teleportation
surveillance_multiple,1,plusieurs_cibles,insectes-espions-supreme
suspension_afflictions,1,hors_groupe:affliction_suspension,possession-d-objet
suspension_des_fonctions_vitales,1,hors_groupe:affliction_suspension,animation-suspendue
sustentation_creature,1,hors_groupe:creature_ejection,ascese
symbole_religieux_optionnel,1,hors_groupe:optionnel_religieux_symbole,armure-instantanee
synchronisation_jugement,1,hors_groupe:jugement_synchronisation,rendre-un-jugement-superieur
telekinese_arme,1,arme_ou_munition,appel-d-arme
teleportation_de_groupe,1,deplacement_ou_teleportation|plusieurs_cibles,cercle-de-teleportation
teleportation_instantanee,1,deplacement_ou_teleportation|duree_instantanee,mot-de-rappel
teleportation_lanceur,1,deplacement_ou_teleportation,porte-de-phase
teleportation_planaire,1,deplacement_ou_teleportation,souhait
teleportation_sans_limite_de_portee,1,deplacement_ou_teleportation,teleportation-interplanetaire
teleportation_sans_limite_distance,1,deplacement_ou_teleportation,teleportation-supreme
terrain_dangereux,1,terrain_ou_environnement,pierres-acerees
terreur_aquatique,1,hors_groupe:aquatique_terreur,tache-noire
test_art_magie,1,hors_groupe:art_magie_test,detection-de-la-magie-supreme
test_bluff_ameliore,1,hors_groupe:ameliore_bluff_test,broussaille-distrayante
test_concentration_requis,1,hors_groupe:concentration,cicatrice-magique
test_force_necessaire,1,hors_groupe:force_necessaire_test,paix-forcee
texte_remplacable_par_sort,1,hors_groupe:remplacable_texte,page-secrete
torture_magique,1,hors_groupe:magique_marque,eveiller-les-devores
tours_de_magie_mineurs,1,hors_groupe:magie_mineur_tour,prestidigitation
transe_inconscience,1,hors_groupe:inconscience,contempler-de-loin
transfert_ame_prisonniere,1,hors_groupe:ame_prisonniere_transfert,ame-parasite
transfert_arme_allie,1,arme_ou_munition,appel-d-arme
transfert_degats_vers_cible,1,degats_directs,sacrifice-partage
transfert_esprit_objet,1,effet_mental|objet_ou_equipement,possession-d-objet
transfert_message_unique,1,communication_ou_langage,messager-verrouille
transformation_cailloux,1,transformation_du_sujet,pierre-magique
transformation_corde_en_projectile,1,rayon_ou_projectile|transformation_du_sujet,grappin-opportun
transformation_creature,1,transformation_du_sujet,changement-de-forme
transformation_liquide,1,transformation_du_sujet,malediction-de-l-eau
transformation_lycanthrope_entravee,1,entrave_ou_immobilisation|transformation_du_sujet,voile-lunaire
transformation_primitive,1,transformation_du_sujet,atavisme-de-groupe
transformation_queue_guerpe,1,transformation_du_sujet,dard-vengeur
transformation_temporaire,1,transformation_du_sujet,forme-vegetale-iii
transformation_vermine_en_geante,1,transformation_du_sujet,vermine-geante
transformation_élémentaire,1,transformation_du_sujet,corps-elementaire-iv
transmission_divine,1,alignement_ou_divin,rendre-un-jugement-superieur
transmission_informations_visuelles,1,divination_information,oeil-indiscret-supreme
transmutation_aliments,1,transformation_du_sujet,ascese
transmutation_armes,1,transformation_du_sujet|arme_ou_munition,coeur-du-metal
transmutation_bois,1,transformation_du_sujet,baton-a-sort
transmutation_combat_rapproche,1,transformation_du_sujet,contrariete-des-geants
transmutation_corporelle,1,transformation_du_sujet,sang-caustique
transmutation_defensive,1,protection_defensive|transformation_du_sujet,reflexes-accrus
transmutation_eau,1,transformation_du_sujet|terrain_ou_environnement,glace-maudite
transmutation_feu,1,transformation_du_sujet,zone-de-flammes-instables
transmutation_froid,1,transformation_du_sujet,metal-gele
transmutation_personnelle,1,transformation_du_sujet,briser-les-lignes-ennemies
transmutation_plante,1,transformation_du_sujet|terrain_ou_environnement,broussaille-distrayante
transmutation_temporaire,1,transformation_du_sujet,sens-surdeveloppes
transport_creature_supplementaire,1,hors_groupe:creature_supplementaire_transport,porte-de-phase
transport_de_charge,1,hors_groupe:charge_transport,disque-flottant
transport_groupe_consentant,1,plusieurs_cibles,mot-de-rappel
traversee_murs_pierre_bois,1,hors_groupe:bois_murs_pierre_traversee,porte-de-phase
traversee_objets,1,objet_ou_equipement,forme-etheree
trempage_cible,1,hors_groupe:trempage,detremper
tromperie_auditive,1,illusion_visuelle_ou_sonore,demarche-decalibree
tromperie_detection_mensonge,1,detection_ou_revelation,placage-trompeur
une_seule_active,1,hors_groupe:active_seule,epee-impie
usage_unique_par_allié,1,hors_groupe:allie_unique_usage,reflexes-accrus
utilisation_unique,1,hors_groupe:unique_utilisation,baton-a-sort
vegetation_enchevetree,1,entrave_ou_immobilisation|terrain_ou_environnement,enchevetrement-repugnant
vegetation_hostile,1,terrain_ou_environnement,enchevetrement
verification_identite_destinataire,1,hors_groupe:destinataire_identite_verification,messager-verrouille
vibrations_destructrices,1,hors_groupe:destructrice_vibration,resonance
visibilite_bloquee,1,hors_groupe:bloquee_visibilite,tempete-de-cendres
vision_a_distance,1,divination_information|perception_amelioree,insectes-espions-supreme
vision_des_dangers,1,divination_information|perception_amelioree,premonition
vision_divination,1,divination_information|perception_amelioree|alignement_ou_divin,vision-mystique
vision_futur_lointain,1,divination_information|perception_amelioree,pronostic-supreme
vision_lucide_distance,1,divination_information|perception_amelioree,oeil-indiscret-supreme
vision_magique_amelioree,1,divination_information|perception_amelioree,vision-magique-supreme
vision_sous_eau,1,divination_information|perception_amelioree|terrain_ou_environnement,manteau-marin
vision_symbolique_non_physique,1,divination_information|perception_amelioree,contempler-de-loin
vitesse_augmentee,1,hors_groupe:augmentee_vitesse,vol-superieur
vol_constant,1,hors_groupe:constant_vol,vol-superieur
vol_effets_magiques,1,hors_groupe:magique_vol,aura-d-avidite
vol_et_reconnaissance,1,divination_information,image-psychique
vol_longue_distance,1,hors_groupe:distance_longue_vol,vol-superieur
vol_parfait,1,hors_groupe:parfait_vol,corps-enflamme
vol_points_de_vie,1,hors_groupe:point_vie_vol,fouet-de-l-astradaemon
vol_surnaturel,1,hors_groupe:surnaturel_vol,vents-de-la-vengeance
volume_variable_controlable,1,hors_groupe:controlable_variable_volume,son-imaginaire
voyage_entre_mondes,1,deplacement_ou_teleportation,teleportation-interplanetaire
voyage_interplanaire,1,deplacement_ou_teleportation,traversee-des-ombres
vulnerabilite_au_changement_de_plan,1,hors_groupe:changement_plan_vulnerabilite,image-psychique
vulnerabilite_desintegration,1,hors_groupe:desintegration_vulnerabilite,cage-de-force
zone_adjacente_accessible,1,zone_d_effet,pilier-de-vie
zone_critique_etendue,1,zone_d_effet,dard-vengeur
zone_cylindrique,1,zone_d_effet,tempete-de-cendres
zone_de_controle_enchantement,1,zone_d_effet,brume-mentale
zone_de_negation,1,zone_d_effet,orbe-du-neant
zone_de_rayonnement,1,zone_d_effet|rayon_ou_projectile,eruption-de-fleches
zone_effet_circulaire,1,zone_d_effet,zone-de-verite
zone_effet_emanation,1,zone_d_effet,communication-securisee-supreme
zone_effet_large,1,zone_d_effet,disjonction
zone_effet_mobile,1,zone_d_effet,violent-nuage-d-orage-supreme
zone_effet_multiple,1,zone_d_effet|plusieurs_cibles,blessure-critique-de-groupe
zone_effet_rayon_12m,1,zone_d_effet|rayon_ou_projectile,annihilation-de-mort-vivant
zone_immobile_3m,1,zone_d_effet,modification-des-vents
zone_invisible_perception,1,zone_d_effet|invisibilite_ou_dissimulation|perception_amelioree,zone-de-flammes-instables
zone_mobile_autour_du_lanceur,1,zone_d_effet,detection-de-la-scrutation
zone_rayon_9m,1,zone_d_effet|rayon_ou_projectile,pulsation-synaptique-supreme
zone_silencieuse,1,zone_d_effet,silence-respectueux
étourdissement_temporaire,1,confusion_ou_desorientation,cacophonie
